{
  "theory": "LBM\u2192NS; incompressible cavity with no-slip walls (bounce-back) + FUVDM \u03c9_eff (optional)",
  "params": {
    "nx": 64,
    "ny": 64,
    "tau": 0.9,
    "U_lid": 0.02,
    "steps": 2000,
    "sample_every": 200,
    "void_enabled": false,
    "void_domain": "standard_model",
    "void_gain": 0.5
  },
  "metrics": {
    "div_max": NaN,
    "elapsed_sec": 0.7026858329772949,
    "passed": false,
    "void": {
      "dW_max": 0.0,
      "omega_min": Infinity,
      "omega_max": 0.0,
      "W_mean_last": 0.5
    }
  },
  "outputs": {
    "figure": "C:\\git\\Prometheus_VDM\\Prometheus_FUVDM\\derivation\\code\\outputs\\figures\\fluid_dynamics\\lid_cavity_benchmark_20250820T222314Z.png"
  },
  "timestamp": "2025-08-20T22:23:15Z"
}