{
  "theory": "LBM\u2192NS; incompressible cavity with no-slip walls (bounce-back)",
  "params": {
    "nx": 128,
    "ny": 128,
    "tau": 0.9,
    "U_lid": 0.02,
    "steps": 40000,
    "sample_every": 500
  },
  "metrics": {
    "div_max": NaN,
    "elapsed_sec": 47.9264178276062,
    "passed": false
  },
  "outputs": {
    "figure": "C:\\git\\Prometheus_VDM\\Prometheus_FUVDM\\derivation\\code\\outputs\\figures\\fluid_dynamics\\lid_cavity_benchmark_20250820T194607Z.png"
  },
  "timestamp": "2025-08-20T19:46:55Z"
}