{
  "theory": "LBM\u2192NS; incompressible cavity with no-slip walls (bounce-back) + FUVDM \u03c9_eff (optional)",
  "params": {
    "nx": 64,
    "ny": 64,
    "tau": 1.8,
    "U_lid": 1e-05,
    "steps": 20000,
    "sample_every": 500,
    "void_enabled": true,
    "void_domain": "standard_model",
    "void_gain": 5.0,
    "auto": false
  },
  "metrics": {
    "div_max": 1.037143279155681e-06,
    "elapsed_sec": 10.52670431137085,
    "u_max": 2.000000000000001e-05,
    "u_mean": 1.9999999999999998e-05,
    "flow_gate": true,
    "Re": 0.0014538461538461504,
    "Ma": 1.7320508075688774e-05,
    "nu": 0.43333333333333335,
    "Re_meas": 0.0029076923076855983,
    "Ma_meas": 3.464101615137756e-05,
    "nu_final": 0.43333333333333335,
    "passed": false,
    "controller": {
      "auto": false,
      "U_lid_final": 1e-05,
      "tau_final": 1.8,
      "void_gain_final": 5.0,
      "u_clamp_final": 2e-05
    },
    "void": {
      "dW_max": 0.04776636710855136,
      "omega_min": 0.4484511453583655,
      "omega_max": 0.5555555452414729,
      "W_mean_last": 0.6207804196820083
    }
  },
  "outputs": {
    "figure": "C:\\git\\Prometheus_VDM\\Prometheus_FUVDM\\derivation\\code\\outputs\\figures\\fluid_dynamics\\failed_runs\\lid_cavity_benchmark_20250821T060040Z.png"
  },
  "timestamp": "2025-08-21T06:00:51Z"
}