{
  "theory": "LBM\u2192NS; incompressible cavity with no-slip walls (bounce-back) + FUVDM \u03c9_eff (optional)",
  "params": {
    "nx": 64,
    "ny": 64,
    "tau": 0.9,
    "U_lid": 0.02,
    "steps": 8000,
    "sample_every": 250,
    "void_enabled": true,
    "void_domain": "standard_model",
    "void_gain": 0.6
  },
  "metrics": {
    "div_max": NaN,
    "elapsed_sec": 3.6233773231506348,
    "u_max": 0.0,
    "u_mean": 0.0,
    "flow_gate": false,
    "passed": false,
    "void": {
      "dW_max": 0.043093024966284775,
      "omega_min": 1.0831065095956212,
      "omega_max": 1.1111109317779782,
      "W_mean_last": 0.6192860412065416
    }
  },
  "outputs": {
    "figure": "C:\\git\\Prometheus_VDM\\Prometheus_FUVDM\\derivation\\code\\outputs\\figures\\fluid_dynamics\\failed_runs\\lid_cavity_benchmark_20250821T010408Z.png"
  },
  "timestamp": "2025-08-21T01:04:12Z"
}