{
  "theory": "LBM\u2192NS; incompressible cavity with no-slip walls (bounce-back) + FUVDM \u03c9_eff (optional)",
  "params": {
    "nx": 128,
    "ny": 128,
    "tau": 1.8,
    "U_lid": 1e-05,
    "steps": 15000,
    "sample_every": 500,
    "void_enabled": true,
    "void_domain": "standard_model",
    "void_gain": 5.0,
    "auto": true
  },
  "metrics": {
    "div_max": 0.0008376833449706815,
    "elapsed_sec": 25.224945306777954,
    "u_max": 1.154700538379252e-05,
    "u_mean": 1.1547005383792519e-05,
    "flow_gate": true,
    "Re": 0.002930769230769224,
    "Ma": 1.7320508075688774e-05,
    "nu": 0.43333333333333335,
    "Re_meas": 0.0038767681250763478,
    "Ma_meas": 2.0000000000000012e-05,
    "nu_final": 0.3782711878618979,
    "passed": false,
    "controller": {
      "auto": true,
      "U_lid_final": 1.519671371303185e-07,
      "tau_final": 1.6348135635856937,
      "void_gain_final": 10.0,
      "u_clamp_final": 1.1547005383792516e-05
    },
    "void": {
      "dW_max": 0.04305385963914621,
      "omega_min": 0.3784923512039884,
      "omega_max": 0.6096914827365586,
      "W_mean_last": 0.587811159891812
    }
  },
  "outputs": {
    "figure": "C:\\git\\Prometheus_VDM\\Prometheus_FUVDM\\derivation\\code\\outputs\\figures\\fluid_dynamics\\failed_runs\\lid_cavity_benchmark_20250821T063601Z.png"
  },
  "timestamp": "2025-08-21T06:36:28Z"
}