{
  "theory": "LBM\u2192NS; Taylor\u2013Green viscous decay E=E0 exp(-2 nu k^2 t)",
  "params": {
    "nx": 128,
    "ny": 128,
    "tau": 0.8,
    "nu_th": 0.1,
    "U0": 0.05,
    "k": 6.283185307179586,
    "steps": 3000,
    "sample_every": 20
  },
  "metrics": {
    "nu_fit": 1.220300671016405e-05,
    "nu_th": 0.1,
    "rel_err": 0.9998779699228996,
    "acceptance_rel_err": 0.05,
    "elapsed_sec": 3.5480165481567383,
    "passed": false
  },
  "outputs": {
    "figure": "C:\\git\\Prometheus_VDM\\Prometheus_FUVDM\\derivation\\code\\outputs\\figures\\fluid_dynamics\\taylor_green_benchmark_20250820T142853Z.png"
  },
  "timestamp": "2025-08-20T14:28:53Z"
}