{
  "theory": "LBM\u2192NS; Taylor\u2013Green viscous decay E=E0 exp(-2 nu k^2 t)",
  "params": {
    "nx": 128,
    "ny": 128,
    "tau": 0.8,
    "nu_th": 0.1,
    "U0": 0.05,
    "k": 6.283185307179586,
    "steps": 1500,
    "sample_every": 20
  },
  "metrics": {
    "nu_fit": 1.2200269630423139e-05,
    "nu_th": 0.1,
    "rel_err": 0.999877997293697,
    "acceptance_rel_err": 0.05,
    "elapsed_sec": 1.9318840503692627,
    "passed": false
  },
  "outputs": {
    "figure": "C:\\git\\Prometheus_VDM\\Prometheus_FUVDM\\derivation\\code\\outputs\\figures\\fluid_dynamics\\taylor_green_benchmark_20250820T142643Z.png"
  },
  "timestamp": "2025-08-20T14:26:43Z"
}