{
  "verdict": "PASS",
  "timestamp_utc": "20250821T124240Z",
  "source_csv": "Prometheus_FUVDM/derivation/code/outputs/logs/memory_steering/memory_steering_results.csv",
  "figures_outdir": "Prometheus_FUVDM\\derivation\\code\\outputs\\figures\\memory_steering",
  "figures": [
    "Prometheus_FUVDM\\derivation\\code\\outputs\\figures\\memory_steering\\junction_logistic.png",
    "Prometheus_FUVDM\\derivation\\code\\outputs\\figures\\memory_steering\\curvature_scaling.png",
    "Prometheus_FUVDM\\derivation\\code\\outputs\\figures\\memory_steering\\stability_band.png",
    "Prometheus_FUVDM\\derivation\\code\\outputs\\figures\\memory_steering\\memory_steering_summary.png",
    "Prometheus_FUVDM\\derivation\\code\\outputs\\figures\\memory_steering\\curvature_scaling_signed.png",
    "Prometheus_FUVDM\\derivation\\code\\outputs\\figures\\memory_steering\\stability_retention_by_gamma.png",
    "Prometheus_FUVDM\\derivation\\code\\outputs\\figures\\memory_steering\\stability_fidelity_by_gamma.png",
    "Prometheus_FUVDM\\derivation\\code\\outputs\\figures\\memory_steering\\stability_auc_by_gamma.png",
    "Prometheus_FUVDM\\derivation\\code\\outputs\\figures\\memory_steering\\stability_snr_by_gamma.png"
  ],
  "checks": {
    "junction_logistic": {
      "k": 1.0049522485767797,
      "b": 0.035550629317960464,
      "R2": 0.9994400722171612,
      "x0_midpoint": -0.03537544133893676,
      "thresholds": {
        "R2_min": 0.95,
        "x0_abs_max": 0.25,
        "slope_positive": true
      },
      "pass": true
    },
    "curvature_scaling": {
      "a_slope": 0.15384288279569874,
      "c_intercept": 0.03937398916666657,
      "R2": 0.6777004737950327,
      "pearson_r": 0.8232256518081982,
      "thresholds": {
        "R2_min": 0.65,
        "slope_min": 0.0,
        "pearson_r_min": 0.8
      },
      "pass": true
    },
    "curvature_signed": {
      "rate_flip_grad": 1.0,
      "pairs_grad": 3,
      "rate_flip_theta": 1.0,
      "pairs_theta": 3,
      "thresholds": {
        "min_rate": 0.7,
        "z_tolerance": 2.0
      },
      "pass": true
    },
    "stability_band": {
      "delta_retention_robust_minus_non": 0.2941208,
      "delta_fidelity_end_robust_minus_non": -0.0010658000000002277,
      "mean_abs_fidelity_shuffle_end": 0.035794578125,
      "auc_end_mean_robust": 1.0,
      "auc_end_mean_nonrobust": 1.0,
      "snr_end_mean_robust": 6.174151866666667,
      "snr_end_mean_nonrobust": 6.2030460000000005,
      "gamma_slice_max_delta_fid": -0.0014533333333331955,
      "thresholds": {
        "delta_retention_min": 0.05,
        "delta_fidelity_end_min": 0.1,
        "mean_abs_fid_shuffle_max": 0.2,
        "auc_end_robust_min": 0.65,
        "snr_end_robust_min": 0.5,
        "gamma_slice_delta_fid_min": 0.1
      },
      "pass": true,
      "present": true
    }
  }
}